frame,ID,xmin,ymin,xmax,ymax
2,1,579,446,589,479
2,2,600,439,610,453
2,3,586,423,605,433
2,5,367,332,387,348
2,6,574,312,584,344
2,7,317,307,346,319
2,8,413,303,440,314
2,9,528,293,549,305
2,10,146,281,154,300
2,14,399,165,424,176
2,15,385,149,404,162
2,16,4,132,15,158
2,17,22,139,49,149
2,18,359,129,386,139
2,19,260,93,274,119
2,20,92,82,109,97
2,21,361,88,368,98
2,24,266,74,287,91
2,25,74,38,91,46
2,26,482,10,502,18
3,1,579,446,589,480
3,2,600,439,610,453
3,3,587,423,606,433
3,5,361,334,380,350
3,6,574,313,584,347
3,7,319,307,352,320
3,8,420,303,445,313
3,9,524,294,546,306
3,10,145,277,154,296
3,14,405,167,430,178
3,15,389,151,408,164
3,16,8,122,19,148
3,17,20,139,47,149
3,18,355,129,382,139
3,19,263,99,276,124
3,20,92,82,110,97
3,21,361,90,366,97
3,24,263,77,282,93
3,25,74,38,91,46
3,26,479,10,501,18
3,27,615,23,629,36
4,1,578,445,590,480
4,2,600,439,610,453
4,3,586,423,607,433
4,5,357,337,375,351
4,6,574,311,584,345
4,7,323,308,355,321
4,8,423,303,452,313
4,9,522,296,543,307
4,10,146,272,154,290
4,14,412,168,437,179
4,15,394,153,412,166
4,16,12,114,23,140
4,17,19,139,44,149
4,18,350,129,377,139
4,19,265,104,278,128
4,20,93,82,111,98
4,21,361,93,364,97
4,24,259,81,276,95
4,25,74,38,91,46
4,26,478,10,498,19
4,27,615,23,629,36
5,1,578,445,590,480
5,2,600,439,610,453
5,3,587,423,607,433
5,5,353,339,370,352
5,6,574,311,584,345
5,7,328,309,361,323
5,8,429,303,456,313
5,9,519,297,539,307
5,10,146,267,155,285
5,14,419,170,444,180
5,15,401,156,418,167
5,16,14,108,25,134
5,17,17,140,43,149
5,18,346,129,371,138
5,19,267,108,280,133
5,20,94,82,112,98
5,21,360,95,362,97
5,24,254,84,271,98
5,25,74,38,91,46
5,26,474,11,496,20
5,27,615,23,629,36
5,32,348,89,378,103
6,1,578,445,590,480
6,2,600,439,610,453
6,3,587,423,606,433
6,5,349,342,365,354
6,6,574,311,584,345
6,7,336,312,369,326
6,8,438,303,467,314
6,9,512,297,531,307
6,10,147,259,156,279
6,14,428,171,455,183
6,15,408,158,425,170
6,16,17,102,28,127
6,17,14,140,42,150
6,18,337,127,364,137
6,19,271,114,284,141
6,20,96,82,114,98
6,21,360,97,360,97
6,24,245,90,262,103
6,25,74,38,91,46
6,26,469,12,491,21
6,27,615,23,629,36
6,32,346,88,379,104
6,34,484,79,495,95
6,35,499,67,527,77
7,1,579,446,589,479
7,2,600,439,610,453
7,3,586,423,607,433
7,5,345,344,360,355
7,6,574,310,584,345
7,7,342,314,377,329
7,8,447,304,473,314
7,9,507,296,528,307
7,10,147,253,157,274
7,14,436,173,462,184
7,15,410,159,429,171
7,16,19,96,30,121
7,17,13,140,40,151
7,18,332,127,358,136
7,19,274,121,287,146
7,20,97,83,115,99
7,21,360,100,358,97
7,24,238,93,255,106
7,25,74,38,91,46
7,26,465,12,487,21
7,27,615,23,629,36
7,28,499,68,521,92
7,34,480,79,490,93
7,35,497,65,528,76
8,1,579,446,589,479
8,2,600,439,610,453
8,3,587,423,606,433
8,5,341,347,355,357
8,6,573,310,585,345
8,7,348,317,384,332
8,8,452,304,480,314
8,9,503,296,525,307
8,10,147,248,158,269
8,14,443,175,468,186
8,15,411,159,431,172
8,16,22,90,33,115
8,17,13,141,39,151
8,18,326,126,353,136
8,19,277,126,290,151
8,20,99,83,117,100
8,21,360,102,356,96
8,24,232,97,250,109
8,25,74,38,91,46
8,26,462,12,484,21
8,27,615,23,629,36
8,28,499,68,521,90
8,34,478,80,488,92
8,36,360,92,368,115
8,38,365,67,374,82
8,39,327,346,350,357
8,40,83,273,98,293
8,41,101,266,112,286
9,1,578,446,589,480
9,2,600,439,610,453
9,3,587,423,606,433
9,5,337,349,349,358
9,6,573,312,585,347
9,7,355,320,388,334
9,8,458,304,485,314
9,9,500,295,524,307
9,10,148,244,158,265
9,14,449,176,476,187
9,15,412,159,434,173
9,16,25,84,35,108
9,17,13,141,39,151
9,18,320,125,349,136
9,19,279,131,293,157
9,20,100,84,119,101
9,21,359,104,354,96
9,24,228,98,248,112
9,25,74,38,91,46
9,26,459,12,481,21
9,27,615,22,630,36
9,28,500,67,521,89
9,34,477,80,487,92
9,36,364,95,371,114
9,38,365,66,374,82
9,39,321,347,347,360
9,40,82,277,95,295
9,41,99,262,112,286
10,1,578,446,589,480
10,2,600,439,610,453
10,3,587,423,607,433
10,5,334,352,344,360
10,6,573,312,585,347
10,7,361,322,393,336
10,8,463,303,492,314
10,9,497,294,521,306
10,10,149,239,159,261
10,14,455,177,481,189
10,15,413,159,435,172
10,16,27,78,37,102
10,17,12,141,37,151
10,18,316,125,343,135
10,19,282,135,295,160
10,20,102,84,120,102
10,21,359,106,352,96
10,24,222,100,243,115
10,25,73,38,91,46
10,26,456,12,479,21
10,27,615,22,629,36
10,28,501,67,520,88
10,34,476,82,485,92
10,36,366,96,373,114
10,38,365,65,374,82
10,39,320,349,345,361
10,40,79,280,93,299
10,41,98,260,111,284
10,43,35,62,52,90
10,44,512,35,528,43
11,1,578,445,589,480
11,2,600,439,610,453
11,3,588,423,607,433
11,5,321,351,340,364
11,6,573,310,585,346
11,8,470,303,496,312
11,9,494,294,519,306
11,10,150,234,160,255
11,14,461,179,487,190
11,15,415,159,439,174
11,16,30,72,40,95
11,17,8,142,35,151
11,18,310,124,337,135
11,19,284,139,298,164
11,20,103,86,121,102
11,21,359,109,349,96
11,24,216,104,236,118
11,25,73,38,91,46
11,26,453,11,477,21
11,27,616,22,629,36
11,28,501,67,520,87
11,34,476,83,485,93
11,36,367,97,374,114
11,38,365,65,374,82
11,39,316,350,343,363
11,40,76,283,91,301
11,41,97,257,109,281
11,43,37,55,54,83
11,44,508,34,525,42
11,45,3,203,18,221
12,1,578,445,589,480
12,2,600,439,610,453
12,3,587,423,607,433
12,5,318,353,337,368
12,6,573,312,585,347
12,8,476,302,502,312
12,9,482,294,514,309
12,10,150,230,160,250
12,14,467,180,491,190
12,15,418,160,442,175
12,16,33,66,42,89
12,17,5,142,31,152
12,18,304,124,332,134
12,19,286,142,299,166
12,20,104,86,123,105
12,21,359,111,347,95
12,24,211,107,231,120
12,25,73,38,91,46
12,26,448,9,476,21
12,27,616,22,629,36
12,28,502,67,520,86
12,34,476,84,485,94
12,36,369,98,375,113
12,38,365,65,374,82
12,39,313,351,340,364
12,40,76,285,90,301
12,41,96,255,109,279
12,43,40,47,57,75
12,44,503,33,521,43
12,45,4,201,21,221
12,46,498,57,510,78
12,47,368,101,385,110
13,1,578,446,589,479
13,2,600,439,610,453
13,3,587,423,607,433
13,5,316,355,335,370
13,6,574,311,584,345
13,8,481,302,507,312
13,10,151,226,161,246
13,14,470,180,495,191
13,15,421,161,447,178
13,16,35,60,45,83
13,17,2,143,29,153
13,18,300,124,326,134
13,19,288,145,301,169
13,20,106,89,125,107
13,21,359,113,345,95
13,24,205,109,226,122
13,25,73,38,90,46
13,26,445,8,475,20
13,27,616,22,629,36
13,28,503,67,520,85
13,34,475,85,483,94
13,36,371,99,377,113
13,38,365,65,374,82
13,39,310,352,338,365
13,40,75,286,89,302
13,41,95,254,108,277
13,43,43,44,57,67
13,44,497,33,517,42
13,45,9,198,24,217
13,46,499,61,508,77
13,47,372,100,387,109
13,48,49,412,70,423
14,1,578,446,589,480
14,2,600,439,610,453
14,3,587,423,606,433
14,5,315,357,334,373
14,6,574,311,584,345
14,8,487,302,513,312
14,10,152,221,162,242
14,14,471,180,497,191
14,15,426,164,451,179
14,16,38,54,47,76
14,17,0,143,27,153
14,18,295,124,321,133
14,19,289,147,302,171
14,20,107,89,126,109
14,21,358,115,343,95
14,24,199,112,219,124
14,25,71,37,91,46
14,26,443,6,473,19
14,27,616,22,629,36
14,28,503,66,519,84
14,34,474,86,482,94
14,36,373,100,378,113
14,38,365,66,374,83
14,39,307,353,335,367
14,40,74,287,89,303
14,41,95,252,107,276
14,43,46,38,59,61
14,44,492,32,512,42
14,45,12,196,28,214
14,46,498,63,505,76
14,47,374,99,391,108
14,48,47,412,75,426
15,1,578,445,589,479
15,2,600,439,611,453
15,3,587,423,606,433
15,5,314,359,333,375
15,6,573,311,584,347
15,7,386,336,418,352
15,8,496,302,521,311
15,10,153,216,163,237
15,14,472,180,497,191
15,15,431,165,455,181
15,16,41,48,50,70
15,17,0,143,26,153
15,18,289,123,316,133
15,19,290,149,303,173
15,20,108,90,128,110
15,21,358,118,341,95
15,24,194,113,215,126
15,25,73,37,91,46
15,26,440,6,470,19
15,27,616,23,629,36
15,28,504,66,519,82
15,34,473,87,480,94
15,36,375,101,379,113
15,38,365,67,374,83
15,39,303,354,332,368
15,40,73,288,88,303
15,41,94,251,107,275
15,43,48,33,60,54
15,44,487,31,507,41
15,45,16,194,31,212
15,46,497,65,503,75
15,47,377,97,395,108
15,48,46,412,77,428
16,1,578,445,589,479
16,2,600,439,611,453
16,3,587,423,606,433
16,5,314,361,333,377
16,6,573,311,584,346
16,8,501,301,527,311
16,10,154,211,164,232
16,14,470,180,498,192
16,15,435,168,459,183
16,16,43,42,52,64
16,17,0,144,25,153
16,18,285,122,312,132
16,19,291,152,304,175
16,20,108,90,128,111
16,21,358,120,339,94
16,24,188,115,210,128
16,25,73,37,91,46
16,26,438,5,466,17
16,27,616,23,629,36
16,28,505,66,519,81
16,34,472,88,478,95
16,36,376,102,381,113
16,38,366,67,373,82
16,39,300,355,330,369
16,40,72,287,88,303
16,41,93,247,105,271
16,43,51,28,62,48
16,44,483,30,503,41
16,45,18,192,34,210
16,46,497,67,501,74
16,47,381,95,400,106
16,49,474,87,487,98
17,1,578,445,589,480
17,2,600,439,610,453
17,3,587,423,606,432
17,5,315,363,332,380
17,6,573,312,585,347
17,7,395,341,425,358
17,8,505,301,534,312
17,10,155,207,165,228
17,14,469,181,499,194
17,15,439,170,463,185
17,16,46,36,55,57
17,17,-1,144,24,153
17,18,280,122,309,132
17,19,292,154,305,178
17,20,109,91,128,113
17,24,183,117,205,130
17,25,74,37,91,46
17,26,434,3,462,16
17,27,616,23,629,36
17,28,505,66,519,80
17,34,472,89,477,95
17,36,378,103,382,113
17,38,366,66,373,81
17,39,297,356,327,370
17,40,71,288,88,304
17,41,92,245,104,268
17,43,53,23,64,42
17,44,479,31,499,40
17,45,21,190,37,207
17,46,496,69,499,73
17,47,384,93,405,105
17,49,474,87,489,99
17,50,485,64,501,73
17,51,474,285,499,301
18,1,578,445,589,480
18,2,600,439,610,453
18,3,587,423,607,432
18,5,311,365,328,382
18,6,573,310,585,346
18,7,399,344,429,360
18,8,511,302,539,312
18,10,157,202,167,224
18,14,469,181,501,196
18,15,442,172,467,188
18,16,48,30,57,51
18,17,-1,144,23,154
18,18,276,121,305,132
18,19,293,157,306,181
18,20,111,92,130,114
18,24,178,119,199,130
18,25,73,37,91,46
18,26,432,2,458,14
18,27,616,23,629,36
18,28,506,66,518,79
18,34,471,90,475,95
18,36,380,105,383,113
18,38,365,66,374,81
18,39,294,357,325,372
18,40,71,289,88,305
18,41,92,243,103,266
18,43,55,18,66,35
18,44,475,31,493,40
18,45,25,186,41,204
18,46,496,71,497,72
18,47,387,91,408,103
18,49,473,87,489,100
18,50,478,65,498,76
18,51,470,283,496,300
19,1,578,445,589,480
19,2,600,439,610,453
19,3,587,423,607,433
19,5,308,367,325,384
19,6,573,310,585,346
19,7,403,348,433,365
19,8,520,303,547,313
19,10,160,196,170,216
19,15,448,175,472,190
19,16,51,24,60,45
19,17,-1,145,22,154
19,18,268,120,299,132
19,19,295,164,308,189
19,20,112,96,133,120
19,24,170,122,191,134
19,25,73,37,91,46
19,26,427,0,451,12
19,27,615,23,629,36
19,28,507,66,518,78
19,34,470,91,474,95
19,36,382,106,385,112
19,38,365,66,374,82
19,39,290,358,322,373
19,40,69,290,87,306
19,41,91,240,102,262
19,43,58,12,67,29
19,44,466,29,486,39
19,45,28,182,46,201
19,46,496,73,495,71
19,47,393,86,416,100
19,49,472,89,488,102
19,50,475,65,496,77
19,51,464,279,490,297
19,53,67,410,75,427
20,1,578,445,589,480
20,2,600,439,610,453
20,3,587,423,606,433
20,5,305,369,322,386
20,6,573,310,585,346
20,7,407,350,436,367
20,8,527,304,554,314
20,10,162,191,172,210
20,15,450,176,475,192
20,16,54,18,62,38
20,17,-2,146,21,155
20,18,263,119,292,130
20,19,296,167,309,193
20,20,116,101,134,123
20,24,162,124,186,137
20,25,74,38,91,45
20,26,424,0,445,10
20,27,615,23,629,36
20,28,507,65,518,77
20,34,469,92,472,95
20,36,384,107,386,112
20,38,365,66,374,82
20,39,287,359,320,374
20,40,67,291,85,306
20,41,90,238,101,260
20,43,60,7,69,23
20,44,459,28,480,38
20,45,30,180,48,199
20,46,495,75,493,71
20,47,396,83,422,97
20,49,468,90,487,105
20,50,471,65,493,78
20,51,459,276,486,294
20,53,68,410,75,423
21,1,578,445,589,480
21,2,600,439,611,453
21,3,587,422,606,433
21,5,301,371,318,388
21,6,574,312,584,347
21,7,410,353,439,370
21,8,533,304,560,314
21,10,164,185,174,205
21,16,56,12,65,32
21,17,-3,145,20,155
21,18,259,118,288,130
21,19,298,171,311,198
21,20,118,106,135,127
21,24,155,126,181,140
21,25,74,38,92,45
21,26,422,0,441,9
21,27,615,22,629,36
21,28,508,65,518,75
21,34,468,93,470,95
21,36,385,108,387,112
21,38,366,66,373,82
21,40,65,293,83,307
21,41,89,236,100,258
21,43,63,2,71,16
21,44,452,26,475,37
21,45,32,178,49,196
21,46,495,77,491,70
21,47,401,81,425,94
21,49,466,91,486,107
21,50,468,65,491,78
21,51,456,274,482,291
21,53,69,409,75,420
21,55,74,18,98,29
21,56,461,74,485,91
22,1,578,445,590,480
22,2,600,439,611,453
22,3,587,423,606,433
22,5,298,373,315,390
22,6,574,311,584,345
22,7,415,356,443,373
22,8,539,305,565,315
22,10,165,180,174,200
22,15,455,177,480,194
22,16,59,6,67,25
22,17,-4,145,19,155
22,18,254,118,285,129
22,19,298,175,312,202
22,20,121,111,137,132
22,24,150,128,177,143
22,25,73,37,92,45
22,26,419,0,437,8
22,27,616,22,629,36
22,28,509,65,517,74
22,34,467,94,469,95
22,36,387,109,389,112
22,38,365,66,374,82
22,40,64,294,82,308
22,41,88,233,100,257
22,43,65,-2,73,10
22,44,447,25,471,36
22,45,34,176,51,194
22,46,494,79,489,69
22,47,404,78,429,93
22,49,465,92,485,108
22,50,465,66,489,79
22,51,452,270,479,289
22,53,71,408,75,417
22,55,75,19,96,29
22,56,457,78,482,96
22,57,458,363,469,382
23,1,578,446,589,480
23,2,600,439,611,453
23,3,587,423,606,433
23,5,294,375,312,392
23,6,574,311,585,345
23,7,417,359,445,376
23,8,545,305,570,315
23,10,167,176,176,195
23,15,455,177,478,194
23,16,62,0,70,19
23,17,-4,145,18,155
23,18,251,117,283,129
23,19,300,178,313,204
23,20,123,115,139,136
23,24,145,131,172,146
23,25,73,37,92,45
23,26,416,0,433,8
23,27,615,22,629,36
23,28,509,65,517,73
23,34,467,95,467,96
23,36,389,110,390,112
23,38,365,67,374,83
23,40,63,295,82,309
23,41,87,231,99,255
23,43,67,-8,75,4
23,44,442,23,467,35
23,45,35,174,52,193
23,46,494,81,487,68
23,47,408,76,432,90
23,49,464,94,484,109
23,50,462,66,486,80
23,51,450,268,476,286
23,53,72,407,76,413
23,55,75,21,94,30
23,56,453,83,479,102
23,57,458,363,469,382
23,59,540,42,556,60
23,60,62,406,88,418
24,1,579,446,589,480
24,2,600,439,610,453
24,3,586,423,607,433
24,5,291,378,309,395
24,6,574,310,585,345
24,8,548,305,576,315
24,10,168,171,178,190
24,15,456,176,478,193
24,16,64,-5,72,13
24,17,-4,145,18,155
24,18,250,116,282,129
24,19,301,182,314,208
24,20,125,119,142,141
24,24,140,134,167,150
24,25,73,37,92,45
24,26,412,-1,430,7
24,27,616,22,629,36
24,28,510,65,517,72
24,34,466,96,465,96
24,36,391,111,391,112
24,38,365,67,374,83
24,40,64,294,84,309
24,41,87,228,99,253
24,43,70,-13,76,-2
24,44,438,22,461,33
24,45,37,172,54,191
24,46,494,82,485,67
24,47,412,74,435,88
24,49,460,96,481,113
24,50,458,66,484,81
24,51,446,265,472,284
24,53,74,406,76,410
24,55,73,22,90,31
24,56,452,88,476,106
24,57,458,363,469,382
24,59,540,42,557,60
24,60,61,404,91,417
24,62,472,177,482,202
25,1,578,446,589,480
25,2,600,439,610,453
25,3,587,423,607,433
25,5,288,380,305,397
25,6,574,312,585,346
25,8,553,304,582,315
25,10,169,166,179,187
25,15,457,176,477,192
25,16,67,-11,75,6
25,17,-4,145,17,155
25,18,249,116,280,129
25,19,302,185,315,211
25,20,126,121,144,144
25,25,73,37,91,45
25,26,409,-1,426,6
25,27,616,22,629,36
25,28,511,64,517,71
25,34,465,97,464,96
25,36,393,112,392,112
25,38,366,66,374,83
25,40,64,293,87,310
25,41,88,229,99,251
25,43,72,-18,78,-8
25,44,433,20,457,31
25,45,39,170,55,188
25,46,493,84,483,66
25,47,417,72,438,85
25,49,456,98,478,117
25,50,455,67,482,82
25,51,443,262,470,282
25,53,75,405,76,407
25,55,72,24,88,31
25,56,449,92,474,110
25,57,458,364,469,382
25,59,539,42,556,60
25,60,61,402,94,417
25,62,473,180,483,204
26,1,578,446,589,480
26,2,600,439,610,453
26,3,587,423,606,433
26,5,284,382,302,399
26,6,574,313,584,346
26,8,558,304,585,314
26,10,171,162,181,183
26,15,458,177,477,191
26,16,70,-17,77,0
26,17,-4,145,17,155
26,18,248,117,276,128
26,19,303,189,316,216
26,20,128,123,145,147
26,25,73,37,90,45
26,26,406,-2,422,6
26,27,616,22,629,36
26,28,511,64,516,70
26,31,70,289,87,310
26,34,464,98,462,96
26,36,394,113,394,111
26,38,365,66,374,83
26,40,63,294,86,311
26,41,88,228,98,250
26,43,75,-23,80,-14
26,44,428,18,452,30
26,45,40,167,56,186
26,46,493,86,481,65
26,47,422,70,444,83
26,49,454,101,475,119
26,50,452,67,479,83
26,51,440,259,467,279
26,53,77,404,77,404
26,55,72,25,86,31
26,56,446,95,472,114
26,57,459,364,470,382
26,59,539,41,556,60
26,62,473,181,483,206
27,1,578,446,590,480
27,2,600,439,610,453
27,3,587,423,606,433
27,5,281,384,299,401
27,6,574,314,584,346
27,8,561,303,587,313
27,10,172,158,182,178
27,16,72,-23,80,-5
27,17,-3,146,17,156
27,18,246,117,272,128
27,19,303,193,316,221
27,20,129,126,147,149
27,25,73,37,90,45
27,26,403,-2,419,5
27,27,616,22,629,36
27,28,512,64,516,69
27,31,73,289,89,309
27,34,463,99,461,96
27,36,396,114,395,111
27,38,365,66,374,83
27,40,63,295,86,312
27,41,86,226,97,248
27,43,77,-29,82,-21
27,44,423,16,448,28
27,45,40,164,56,183
27,46,493,88,479,65
27,47,427,70,446,81
27,49,453,105,473,121
27,50,449,67,477,83
27,53,79,403,77,401
27,55,72,26,85,32
27,56,443,98,469,118
27,57,459,364,470,382
27,59,539,42,556,60
27,62,473,182,483,207
28,1,578,446,589,480
28,2,600,439,611,453
28,3,587,423,606,433
28,5,278,386,295,403
28,6,574,313,584,346
28,8,561,303,587,313
28,10,173,153,182,174
28,16,75,-29,82,-12
28,17,-3,146,17,157
28,18,244,117,271,128
28,19,304,198,317,225
28,20,131,128,149,152
28,25,73,37,90,45
28,26,400,-3,415,4
28,27,616,22,629,36
28,28,513,64,516,67
28,31,75,289,91,311
28,34,463,100,459,96
28,36,398,115,396,111
28,38,365,66,374,83
28,40,62,296,85,313
28,41,86,226,96,247
28,43,79,-34,83,-27
28,44,418,14,443,26
28,45,41,160,58,181
28,46,492,90,477,64
28,47,432,69,449,79
28,49,452,106,471,123
28,50,445,68,475,84
28,53,80,403,77,397
28,55,72,27,83,32
28,56,440,102,467,122
28,57,459,364,470,382
28,59,540,42,556,60
28,62,470,184,481,210
28,64,77,388,93,407
29,1,578,446,590,480
29,2,600,439,610,453
29,3,587,423,606,432
29,5,274,388,292,405
29,6,574,312,584,346
29,8,561,302,588,313
29,10,173,149,183,169
29,16,78,-35,85,-18
29,17,-4,147,17,158
29,18,243,118,269,128
29,19,305,203,318,229
29,20,132,130,151,155
29,25,73,37,90,45
29,26,396,-3,412,3
29,27,616,22,629,36
29,28,513,64,516,66
29,31,76,290,92,312
29,34,462,101,457,96
29,36,400,117,398,111
29,38,365,66,374,83
29,40,61,296,85,314
29,41,87,226,96,246
29,43,82,-39,85,-34
29,44,415,13,438,24
29,45,42,156,59,177
29,46,492,92,474,63
29,47,436,68,454,78
29,49,448,111,469,129
29,50,442,68,472,85
29,51,434,250,459,271
29,53,82,402,78,394
29,55,72,28,81,32
29,57,459,364,470,382
29,59,539,42,556,60
29,62,469,183,478,205
29,64,77,383,94,404
29,65,421,370,430,387
30,1,578,445,589,480
30,2,600,439,611,453
30,3,587,423,606,432
30,5,271,390,289,407
30,6,574,312,584,346
30,8,562,301,589,313
30,10,174,141,183,161
30,16,80,-41,87,-24
30,17,-5,147,16,158
30,18,238,118,265,129
30,19,307,211,320,237
30,20,134,133,152,157
30,25,74,38,91,45
30,26,393,-4,408,3
30,27,615,22,630,36
30,28,514,64,515,65
30,31,80,294,95,315
30,34,461,102,456,96
30,36,402,118,399,111
30,38,365,67,374,83
30,40,61,297,85,315
30,41,85,224,95,245
30,43,84,-44,87,-40
30,44,409,10,430,21
30,45,44,147,62,170
30,47,442,67,461,77
30,49,446,113,467,132
30,53,83,401,78,391
30,55,72,29,79,33
30,57,459,365,470,382
30,59,540,42,556,60
30,62,468,184,477,206
30,64,79,376,96,398
30,65,420,371,430,388
31,1,578,445,590,480
31,2,600,439,611,453
31,3,587,423,606,432
31,5,267,392,285,410
31,6,574,313,584,346
31,8,565,301,593,313
31,10,174,135,184,156
31,16,83,-47,90,-31
31,17,-5,147,16,158
31,18,235,118,262,129
31,19,309,217,322,244
31,20,135,135,154,160
31,25,74,38,91,45
31,26,390,-5,405,2
31,27,615,22,630,36
31,28,515,63,515,64
31,31,83,297,98,317
31,34,460,103,454,97
31,36,404,119,400,111
31,38,365,67,374,83
31,40,60,298,84,316
31,41,84,223,95,245
31,43,87,-49,89,-46
31,44,404,8,425,18
31,45,46,141,64,164
31,47,445,66,464,76
31,49,444,114,466,134
31,53,85,400,78,388
31,55,72,31,77,33
31,57,459,365,470,382
31,59,540,42,556,60
31,62,467,185,477,207
31,64,81,369,99,392
31,65,420,373,429,390
32,1,578,446,589,480
32,2,600,439,610,453
32,3,587,423,607,432
32,5,264,394,282,412
32,6,572,320,582,350
32,8,569,300,597,313
32,10,174,132,184,153
32,16,85,-53,92,-37
32,17,-6,148,15,159
32,18,232,119,260,130
32,19,311,222,324,249
32,20,137,137,156,163
32,25,74,38,91,45
32,26,387,-5,401,1
32,27,615,22,629,36
32,28,515,63,515,63
32,31,85,299,100,319
32,34,459,104,452,97
32,36,405,120,402,111
32,38,365,66,374,83
32,40,60,299,84,317
32,41,84,223,95,245
32,43,89,-55,90,-53
32,44,401,5,424,17
32,45,49,137,66,159
32,47,447,66,466,76
32,49,443,116,465,136
32,53,86,399,79,385
32,55,72,32,75,33
32,57,459,365,470,382
32,59,539,42,556,60
32,62,467,186,476,207
32,64,82,364,101,388
32,65,420,375,429,391
32,72,153,171,165,192
32,73,95,163,120,177
33,1,578,445,590,479
33,2,600,439,611,453
33,3,587,422,607,432
33,5,261,396,279,414
33,6,573,316,584,349
33,8,573,300,602,313
33,10,174,127,184,150
33,16,88,-59,95,-43
33,17,-7,148,15,159
33,18,230,120,257,130
33,19,313,227,325,253
33,20,138,140,158,166
33,25,74,38,91,45
33,26,384,-6,398,1
33,27,615,22,629,36
33,28,516,63,515,62
33,31,87,301,102,321
33,34,458,105,451,97
33,36,407,121,403,111
33,38,365,66,374,84
33,40,59,299,83,318
33,41,84,223,95,244
33,43,91,-60,92,-59
33,44,401,4,425,17
33,45,52,131,69,154
33,47,450,65,470,75
33,49,441,118,464,139
33,50,445,65,467,77
33,53,88,398,79,381
33,55,72,33,73,34
33,57,459,365,470,382
33,59,539,42,556,59
33,62,466,187,475,208
33,64,84,360,102,384
33,65,420,376,429,392
33,72,156,177,168,198
33,73,90,166,114,179
34,1,578,445,590,480
34,2,600,439,610,453
34,3,587,422,607,432
34,5,257,398,276,416
34,6,573,315,584,348
34,8,577,300,606,313
34,10,173,123,183,145
34,16,91,-65,97,-50
34,17,-7,148,14,159
34,18,225,120,253,131
34,19,314,229,326,255
34,20,140,142,159,168
34,25,74,38,92,45
34,26,380,-6,394,0
34,27,616,22,629,36
34,28,517,63,514,61
34,31,89,304,105,323
34,34,458,106,449,97
34,36,409,122,404,110
34,38,365,66,374,83
34,40,58,300,83,318
34,41,84,223,95,245
34,43,94,-65,94,-65
34,44,396,3,421,16
34,45,54,128,70,149
34,47,454,64,473,73
34,49,439,120,462,141
34,50,440,63,464,77
34,53,89,397,79,378
34,55,72,34,71,34
34,57,459,366,470,383
34,59,540,42,556,59
34,62,466,188,475,209
34,64,85,356,103,380
34,65,418,368,427,385
34,72,159,183,171,204
34,73,84,169,106,181
34,78,473,194,488,218
34,79,418,139,439,154
35,1,578,445,590,480
35,2,600,439,610,453
35,3,587,422,606,432
35,5,254,400,272,418
35,6,573,314,584,346
35,8,580,300,610,312
35,10,173,120,183,143
35,16,93,-71,100,-56
35,17,-8,148,13,160
35,18,221,122,248,133
35,19,314,232,326,258
35,20,141,144,161,171
35,25,74,38,91,45
35,26,377,-7,391,0
35,27,616,22,629,36
35,28,517,63,514,59
35,31,91,306,107,325
35,34,457,107,448,97
35,36,411,123,406,110
35,38,365,66,374,83
35,40,58,301,83,319
35,41,84,222,95,244
35,43,96,-70,96,-72
35,44,392,1,417,14
35,45,57,124,73,146
35,47,458,62,477,72
35,49,437,122,461,143
35,50,437,63,462,78
35,53,91,396,80,375
35,55,71,35,69,34
35,57,459,363,470,381
35,59,539,42,557,60
35,62,465,189,474,210
35,64,86,352,103,376
35,65,418,365,429,385
35,72,162,189,174,210
35,73,78,171,101,183
35,78,472,194,488,219
35,79,411,142,434,158
35,81,382,389,392,404
36,1,578,445,590,480
36,2,600,439,610,453
36,3,586,422,607,432
36,5,250,402,269,420
36,6,574,314,584,346
36,8,584,299,614,312
36,10,173,118,182,140
36,16,96,-77,102,-63
36,17,-9,149,13,160
36,18,214,123,243,135
36,19,315,236,327,261
36,20,143,147,163,174
36,25,72,37,92,46
36,26,374,-7,387,0
36,27,616,23,630,36
36,28,518,62,514,58
36,31,93,308,109,327
36,34,456,108,446,97
36,36,413,124,407,110
36,38,366,66,373,83
36,40,57,302,82,320
36,41,85,222,95,243
36,43,99,-76,97,-78
36,44,388,0,413,13
36,45,59,121,75,142
36,47,462,61,481,71
36,50,436,62,460,79
36,53,92,395,80,372
36,55,71,36,68,35
36,57,459,363,470,380
36,59,539,42,557,60
36,62,465,190,474,211
36,64,89,348,105,370
36,65,418,365,430,386
36,72,164,194,176,215
36,73,74,173,96,184
36,78,473,195,489,220
36,79,406,143,431,160
36,81,382,389,392,404
37,1,578,445,589,479
37,2,600,439,610,453
37,3,587,422,606,432
37,5,247,404,266,422
37,6,574,313,585,346
37,8,588,299,618,312
37,10,173,116,182,138
37,16,99,-83,105,-69
37,17,-10,149,12,161
37,18,209,125,237,136
37,19,316,239,328,265
37,25,72,37,92,46
37,26,371,-8,384,-1
37,27,616,23,629,36
37,28,519,62,514,57
37,31,96,310,111,329
37,34,455,109,444,97
37,36,414,125,408,110
37,38,366,67,373,83
37,40,57,302,82,321
37,41,85,221,95,242
37,43,101,-81,99,-84
37,44,383,-1,409,12
37,45,61,117,78,138
37,47,466,60,485,69
37,50,433,60,460,79
37,53,94,394,80,369
37,55,71,37,66,35
37,57,459,362,470,380
37,59,539,41,556,60
37,62,464,191,473,211
37,64,91,343,107,366
37,65,419,361,431,384
37,72,168,201,180,220
37,73,71,174,91,184
37,78,474,196,490,221
37,79,401,145,427,163
37,81,383,389,391,403
38,1,578,445,590,480
38,2,600,439,611,453
38,3,587,422,606,432
38,5,244,406,262,425
38,6,573,312,585,346
38,8,592,299,623,312
38,10,174,114,184,136
38,16,101,-89,107,-75
38,17,-10,149,12,161
38,18,201,126,231,139
38,19,317,243,329,269
38,20,146,152,166,179
38,25,72,37,90,46
38,26,368,-8,380,-2
38,27,615,23,629,36
38,28,519,62,513,56
38,31,98,312,113,331
38,34,454,110,443,97
38,36,416,126,410,110
38,38,366,67,373,83
38,40,56,303,81,322
38,41,85,221,94,241
38,43,103,-86,101,-91
38,44,379,-3,405,10
38,45,64,113,80,134
38,47,470,59,488,68
38,50,432,57,457,77
38,53,95,393,81,365
38,55,71,39,64,35
38,57,459,362,470,380
38,59,539,42,556,60
38,62,463,191,472,212
38,64,93,340,108,360
38,65,420,357,433,382
38,72,172,207,183,225
38,73,68,174,87,183
38,78,474,197,490,219
38,79,398,148,422,166
38,81,384,390,391,402
39,1,578,445,590,480
39,2,600,439,611,453
39,3,586,422,606,432
39,5,240,408,259,427
39,6,573,312,585,345
39,8,595,299,627,312
39,10,175,112,184,133
39,16,104,-95,110,-82
39,17,-11,150,11,161
39,18,195,128,227,141
39,19,318,247,330,274
39,25,72,37,91,46
39,26,365,-9,377,-3
39,27,616,23,630,36
39,28,520,62,513,55
39,31,101,315,116,332
39,34,453,110,441,98
39,36,418,127,411,110
39,38,366,67,373,82
39,40,55,304,81,323
39,41,85,220,94,240
39,43,106,-91,103,-97
39,44,374,-4,401,9
39,45,67,110,83,131
39,47,474,57,492,67
39,50,430,54,454,74
39,51,422,215,442,242
39,53,97,392,81,362
39,55,71,40,62,36
39,57,458,362,469,381
39,59,540,42,556,60
39,62,463,192,472,213
39,64,97,335,110,355
39,65,422,354,435,378
39,72,177,213,188,231
39,73,66,174,84,183
39,78,472,198,487,220
39,79,396,152,418,167
39,81,384,390,391,402
39,83,421,15,440,30
40,1,578,445,590,480
40,2,600,439,610,453
40,3,587,422,606,432
40,5,237,410,256,429
40,6,573,312,585,345
40,8,599,298,631,312
40,10,177,108,187,129
40,16,107,-101,112,-88
40,17,-12,150,11,162
40,18,191,129,221,142
40,19,318,251,330,278
40,25,72,37,91,46
40,26,361,-9,373,-3
40,27,615,22,630,36
40,28,521,62,513,54
40,31,103,317,118,334
40,34,453,111,440,98
40,36,420,128,412,110
40,38,366,67,373,82
40,40,55,305,81,324
40,41,85,219,94,238
40,43,108,-97,104,-103
40,44,370,-6,398,8
40,45,69,108,86,129
40,47,478,56,496,65
40,50,428,51,449,70
40,51,422,211,441,238
40,53,98,391,81,359
40,55,71,41,60,36
40,56,389,153,416,173
40,57,458,362,469,381
40,59,540,42,556,60
40,62,462,193,471,214
40,65,424,349,438,373
40,72,180,218,193,238
40,73,60,173,81,183
40,78,474,201,488,223
40,79,392,154,414,169
40,81,383,389,392,403
40,83,424,16,443,31
41,1,578,445,590,480
41,2,600,439,610,453
41,3,587,423,607,433
41,5,234,412,253,431
41,6,573,312,585,345
41,8,603,298,635,312
41,10,180,104,189,124
41,16,109,-107,115,-94
41,17,-13,150,10,162
41,18,183,132,212,144
41,19,319,258,331,285
41,25,72,37,91,46
41,26,358,-10,370,-4
41,27,616,22,629,36
41,28,521,62,513,52
41,31,105,319,120,336
41,34,452,112,438,98
41,36,422,130,413,109
41,38,366,67,373,82
41,40,54,305,80,325
41,41,84,216,94,236
41,43,111,-102,106,-110
41,44,366,-8,394,6
41,45,74,104,90,123
41,47,482,55,500,64
41,50,422,48,442,65
41,51,424,204,441,230
41,55,71,42,58,36
41,57,458,362,469,382
41,59,539,42,556,59
41,62,462,194,471,215
41,65,425,348,438,372
41,72,186,227,199,247
41,73,57,174,76,183
41,78,473,202,488,226
41,79,388,156,410,171
41,81,383,389,392,403
41,83,431,19,448,32
41,84,489,211,500,235
42,1,578,445,590,480
42,2,600,439,610,453
42,3,587,423,607,433
42,5,230,415,249,433
42,6,573,312,585,345
42,8,607,298,639,312
42,10,182,100,191,120
42,16,112,-113,117,-101
42,17,-13,150,10,163
42,18,178,135,206,146
42,19,320,264,331,289
42,25,72,37,91,46
42,26,355,-10,366,-5
42,27,616,22,629,36
42,28,522,61,512,51
42,31,107,321,122,338
42,34,451,113,436,98
42,36,423,131,415,109
42,38,366,67,373,83
42,40,54,306,80,326
42,41,83,211,92,230
42,43,113,-107,108,-116
42,44,361,-9,390,5
42,45,78,103,93,121
42,47,486,54,503,63
42,50,419,45,437,61
42,51,425,198,442,223
42,55,71,43,56,37
42,56,385,161,412,181
42,57,458,362,469,382
42,59,540,42,556,59
42,62,461,195,470,215
42,65,425,346,439,371
42,72,190,234,204,255
42,73,53,175,72,184
42,78,474,203,489,227
42,79,385,158,407,174
42,81,383,389,392,403
42,83,436,21,452,34
42,84,490,215,502,239
43,1,579,446,589,480
43,2,600,439,611,453
43,3,587,423,606,433
43,5,227,417,246,435
43,6,573,311,585,345
43,8,610,298,643,312
43,10,184,96,194,116
43,16,115,-119,120,-107
43,17,-14,151,9,163
43,18,175,136,202,147
43,19,320,268,332,294
43,25,71,37,91,47
43,26,352,-11,363,-5
43,27,616,22,629,36
43,28,392,160,411,179
43,31,109,323,124,340
43,34,450,114,435,98
43,36,425,132,416,109
43,38,365,67,374,83
43,40,53,307,79,326
43,41,81,207,91,228
43,43,115,-112,110,-123
43,44,357,-11,386,4
43,45,80,105,93,120
43,47,490,53,507,61
43,50,415,43,434,59
43,51,426,195,442,219
43,55,71,44,54,37
43,56,382,165,408,186
43,57,458,362,469,382
43,59,539,42,557,60
43,62,461,196,469,216
43,65,425,345,439,370
43,72,194,240,208,262
43,73,49,176,67,184
43,78,476,205,490,229
43,79,381,160,403,176
43,81,382,389,392,403
43,83,441,23,456,35
43,84,492,218,503,242
43,85,31,58,47,78
43,86,435,335,452,354
43,87,36,166,68,177
44,1,579,446,589,480
44,2,600,439,610,453
44,3,587,423,606,433
44,5,223,419,243,437
44,6,573,311,585,345
44,8,614,297,648,312
44,10,186,92,197,113
44,16,117,-125,122,-113
44,17,-15,151,9,163
44,18,168,137,197,149
44,19,320,272,332,299
44,25,74,37,92,46
44,26,349,-12,359,-6
44,27,616,22,629,36
44,28,389,162,409,182
44,31,112,325,126,342
44,34,449,115,433,98
44,36,427,133,417,109
44,38,365,67,374,83
44,40,52,308,79,327
44,41,78,203,90,228
44,43,118,-118,111,-129
44,44,353,-12,382,2
44,45,83,102,95,116
44,47,494,51,511,60
44,50,413,42,432,58
44,51,428,190,444,214
44,55,71,45,53,37
44,56,379,169,405,190
44,57,459,363,469,381
44,59,540,42,556,60
44,62,460,197,469,217
44,65,426,343,440,369
44,72,197,246,211,268
44,73,46,177,63,184
44,78,477,206,491,231
44,79,377,162,400,178
44,81,382,389,392,403
44,83,446,25,460,36
44,84,492,221,505,246
44,85,30,62,45,80
44,86,439,331,456,349
44,87,30,164,64,176
44,89,115,311,133,330
44,90,369,176,386,198
45,1,578,446,589,480
45,2,600,439,610,453
45,3,586,423,607,433
45,5,220,421,239,440
45,6,573,311,585,345
45,8,618,297,652,312
45,10,189,89,200,109
45,16,120,-131,125,-120
45,17,-16,151,8,164
45,18,163,139,191,150
45,19,320,277,332,303
45,25,74,38,92,46
45,26,345,-12,356,-7
45,27,615,22,629,36
45,28,388,164,407,182
45,31,109,327,125,346
45,34,448,116,431,98
45,36,429,134,419,109
45,38,366,67,373,83
45,40,52,308,79,328
45,41,77,200,89,224
45,43,120,-123,113,-135
45,44,348,-14,378,1
45,45,85,99,98,113
45,47,498,50,515,59
45,50,412,41,431,58
45,51,429,186,445,210
45,55,70,47,51,38
45,57,459,362,470,381
45,59,540,42,556,60
45,62,460,198,468,218
45,65,426,342,441,368
45,72,199,252,212,273
45,73,42,177,58,185
45,78,478,209,492,234
45,79,373,164,396,180
45,81,382,388,392,404
45,83,450,27,466,37
45,84,494,224,506,250
45,85,28,66,42,83
45,86,444,327,460,345
45,87,24,163,59,175
45,89,119,308,137,326
45,90,366,180,383,202
46,1,578,446,589,480
46,2,600,439,611,453
46,3,587,423,607,433
46,5,217,423,236,442
46,6,573,312,585,347
46,8,621,297,656,312
46,10,192,87,203,106
46,16,122,-137,127,-126
46,17,-16,152,8,164
46,18,158,140,186,152
46,19,320,280,331,306
46,25,74,38,92,46
46,26,342,-13,352,-7
46,27,616,23,629,36
46,28,388,164,406,183
46,31,113,332,127,349
46,34,448,117,430,98
46,36,431,135,420,109
46,38,365,67,374,83
46,40,51,309,78,329
46,41,75,198,88,223
46,43,123,-128,115,-142
46,44,344,-16,374,0
46,45,88,97,100,110
46,47,502,49,518,57
46,50,409,39,429,56
46,51,431,183,446,207
46,55,70,48,49,38
46,57,459,362,470,380
46,59,540,42,556,60
46,62,459,199,467,219
46,65,426,340,441,367
46,72,203,258,215,279
46,73,38,178,54,185
46,78,478,211,493,237
46,79,369,167,392,183
46,81,382,388,392,404
46,83,454,28,470,39
46,84,495,229,507,253
46,85,27,69,40,85
46,86,447,324,464,342
46,87,19,161,53,173
46,89,122,305,140,323
46,90,362,185,380,208
46,92,75,113,101,125
47,1,578,446,590,479
47,2,600,439,610,453
47,3,586,423,607,433
47,5,213,425,233,444
47,6,573,312,585,346
47,8,625,297,660,312
47,10,194,85,205,103
47,16,125,-143,130,-133
47,17,-17,152,7,164
47,18,153,141,179,153
47,19,320,283,331,309
47,25,74,38,92,46
47,26,339,-13,349,-8
47,27,616,23,629,36
47,28,387,165,405,183
47,31,115,334,129,351
47,34,447,118,428,99
47,36,432,136,421,109
47,38,365,67,374,83
47,40,51,310,78,330
47,41,74,197,87,221
47,43,125,-133,117,-148
47,44,339,-17,370,-1
47,45,91,94,102,107
47,47,506,48,522,56
47,50,407,38,427,55
47,51,433,180,447,202
47,55,70,49,47,38
47,57,459,362,470,380
47,59,540,43,556,60
47,62,458,200,467,219
47,65,427,339,442,366
47,72,206,264,218,285
47,73,35,179,49,186
47,78,479,213,493,239
47,79,366,169,389,185
47,81,382,388,392,404
47,83,457,30,475,42
47,84,497,232,509,258
47,85,26,72,39,87
47,86,451,319,469,338
47,87,15,160,45,171
47,89,126,303,144,320
47,90,358,190,376,214
47,92,71,113,104,129
48,1,578,445,589,480
48,2,600,439,610,453
48,3,587,423,607,433
48,5,210,427,229,446
48,6,573,312,585,346
48,10,196,84,206,101
48,16,128,-149,132,-139
48,17,-18,152,7,165
48,18,147,143,174,154
48,19,321,285,331,311
48,25,74,38,91,45
48,26,336,-14,345,-9
48,27,616,23,629,36
48,28,386,167,405,185
48,31,115,332,131,353
48,34,446,119,427,99
48,36,434,137,423,109
48,38,365,66,374,83
48,41,73,196,86,220
48,43,127,-138,118,-154
48,44,335,-19,367,-2
48,45,94,92,104,103
48,47,510,47,526,55
48,50,406,36,424,52
48,51,435,176,449,198
48,55,70,50,45,39
48,57,459,362,469,380
48,59,540,43,556,60
48,62,458,201,466,220
48,65,427,337,442,365
48,72,209,270,220,289
48,73,31,180,45,186
48,78,480,217,494,242
48,79,362,171,385,187
48,81,382,388,392,404
48,83,460,31,481,45
48,84,498,237,510,262
48,85,25,75,37,89
48,86,456,316,473,334
48,87,9,159,39,170
48,89,129,300,147,318
48,90,354,196,372,219
49,1,578,445,590,480
49,2,600,439,610,453
49,3,587,423,606,433
49,5,206,429,226,448
49,6,573,311,585,345
49,10,197,81,209,99
49,16,130,-155,135,-145
49,17,-18,152,6,165
49,18,142,144,169,155
49,19,321,287,331,313
49,25,74,38,91,45
49,26,333,-14,342,-10
49,27,616,23,629,36
49,28,384,168,404,187
49,31,116,333,132,353
49,34,445,120,425,99
49,36,436,138,424,108
49,38,365,66,374,83
49,41,73,195,86,220
49,43,130,-144,120,-161
49,44,331,-20,363,-3
49,45,96,89,106,100
49,47,514,45,530,53
49,50,403,34,422,51
49,51,438,173,451,194
49,55,70,51,43,39
49,57,459,362,470,381
49,59,540,42,556,60
49,62,457,202,466,221
49,65,427,336,443,364
49,72,211,275,223,295
49,73,27,181,40,187
49,78,481,219,495,246
49,79,358,173,381,189
49,81,382,388,392,404
49,83,465,33,486,48
49,84,500,240,512,266
49,85,24,77,35,91
49,86,458,312,478,333
49,87,6,158,35,168
49,89,132,297,150,315
49,90,350,202,368,224
50,1,578,446,589,480
50,2,600,439,611,453
50,3,586,423,606,433
50,5,203,431,223,450
50,6,573,311,585,345
50,10,201,74,214,94
50,16,133,-161,137,-152
50,17,-19,153,5,166
50,18,136,145,161,156
50,19,321,290,331,315
50,25,74,38,91,45
50,26,330,-15,338,-10
50,27,616,23,629,36
50,28,382,170,401,189
50,31,117,335,133,355
50,34,444,121,423,99
50,36,438,139,425,108
50,38,365,66,374,83
50,41,71,193,84,217
50,43,132,-149,122,-167
50,45,99,86,108,97
50,47,518,44,533,52
50,50,399,30,419,49
50,51,442,166,457,188
50,55,70,52,41,39
50,57,459,362,469,381
50,59,540,42,556,59
50,62,483,227,493,253
50,65,427,334,444,363
50,72,217,284,229,302
50,73,24,181,36,187
50,78,481,221,495,248
50,79,354,175,378,192
50,81,382,388,392,404
50,83,471,37,493,52
50,84,502,247,514,273
50,85,23,80,34,93
50,86,462,309,481,330
50,87,5,158,34,168
50,89,137,293,155,311
50,90,347,206,365,229
51,1,578,446,590,480
51,2,600,439,610,453
51,3,587,423,606,433
51,5,200,433,220,452
51,6,573,311,585,345
51,10,204,71,217,89
51,16,136,-167,140,-158
51,17,-20,153,5,166
51,18,131,146,158,157
51,19,320,292,331,317
51,25,74,38,92,45
51,26,326,-15,335,-11
51,27,616,23,629,36
51,28,380,172,400,190
51,31,119,337,135,356
51,34,443,122,422,99
51,36,440,140,427,108
51,38,365,66,374,83
51,41,71,192,83,215
51,43,135,-154,124,-173
51,45,102,84,110,94
51,47,522,43,537,51
51,50,398,29,417,48
51,51,445,162,460,183
51,55,70,54,39,40
51,57,459,362,470,380
51,59,540,42,556,59
51,62,483,231,494,257
51,65,428,333,444,362
51,72,222,290,234,308
51,73,20,182,31,187
51,78,482,223,496,250
51,79,351,177,374,194
51,81,382,388,392,404
51,83,477,40,497,54
51,84,503,251,515,277
51,85,23,83,32,95
51,86,465,306,485,326
51,87,6,159,33,168
51,89,140,290,158,308
51,90,343,210,362,233
51,93,75,110,85,133
52,1,578,446,589,480
52,2,600,439,611,453
52,3,587,423,607,433
52,5,196,435,216,455
52,6,573,311,585,345
52,10,207,67,220,85
52,16,138,-173,142,-164
52,17,-21,153,4,166
52,18,128,147,155,158
52,19,321,293,332,319
52,25,74,38,91,45
52,26,323,-16,331,-12
52,27,615,23,629,36
52,28,379,174,399,190
52,31,121,339,137,358
52,36,441,141,428,108
52,38,366,66,373,83
52,41,70,191,83,214
52,43,137,-159,125,-180
52,45,104,81,113,91
52,47,526,42,541,49
52,49,446,159,467,179
52,50,397,28,415,46
52,51,446,157,461,179
52,55,70,55,38,40
52,57,459,362,470,380
52,59,540,42,556,59
52,62,483,235,493,261
52,65,428,331,445,361
52,72,226,295,238,313
52,73,16,183,27,188
52,78,482,225,497,252
52,79,347,179,371,196
52,81,382,388,392,404
52,83,481,43,502,57
52,84,504,253,516,280
52,85,22,86,31,97
52,86,469,303,489,323
52,87,9,158,37,169
52,89,142,287,160,305
52,90,340,214,359,238
52,93,73,112,82,132
52,94,476,295,500,315
52,95,328,223,347,239
53,1,578,446,589,480
53,2,600,439,610,453
53,3,587,423,607,433
53,5,193,437,213,457
53,6,573,311,585,345
53,10,209,60,224,82
53,16,141,-179,145,-171
53,17,-21,154,4,167
53,18,124,148,151,159
53,19,321,296,332,323
53,25,74,38,92,45
53,26,320,-16,328,-12
53,27,615,23,629,36
53,28,380,175,399,191
53,31,122,340,138,360
53,36,443,143,429,108
53,38,366,66,373,83
53,41,70,191,82,213
53,43,139,-165,127,-186
53,45,107,79,115,87
53,47,530,40,545,48
53,49,447,157,469,177
53,50,395,26,414,44
53,51,448,153,463,175
53,55,70,56,36,40
53,57,459,362,469,380
53,59,540,42,556,59
53,62,483,239,493,265
53,65,428,330,445,360
53,72,230,299,243,317
53,73,13,184,22,188
53,78,483,227,497,254
53,79,343,182,367,198
53,81,382,388,392,404
53,83,483,45,505,59
53,84,504,254,517,281
53,85,21,89,29,99
53,86,472,299,492,320
53,87,6,158,35,168
53,89,144,285,161,302
53,90,337,219,356,243
53,93,71,114,80,129
53,94,481,289,505,310
53,95,321,226,340,242
54,1,578,446,589,480
54,2,600,439,610,453
54,3,587,423,607,433
54,5,190,439,210,459
54,6,573,310,585,345
54,9,309,232,336,245
54,10,210,56,225,79
54,16,144,-185,147,-177
54,17,-22,154,3,167
54,18,119,149,146,160
54,19,321,299,332,326
54,25,74,38,91,45
54,26,317,-17,324,-13
54,27,615,23,629,36
54,28,379,176,399,192
54,31,124,342,140,362
54,36,445,144,431,108
54,38,365,66,374,83
54,41,69,189,81,212
54,43,142,-170,129,-192
54,45,110,76,117,84
54,47,534,39,548,47
54,49,450,156,471,174
54,50,393,24,411,42
54,51,449,149,464,171
54,57,459,362,470,380
54,59,540,42,557,59
54,62,483,241,493,266
54,65,429,328,446,359
54,72,234,303,246,320
54,73,9,185,18,189
54,78,483,229,498,256
54,79,339,184,363,200
54,81,382,388,392,404
54,83,485,46,508,61
54,84,504,256,517,284
54,85,20,92,27,101
54,86,476,296,496,317
54,87,4,157,33,167
54,89,145,284,161,301
54,90,334,223,353,247
54,93,70,115,77,127
54,94,486,285,508,304
54,95,316,229,335,244
54,96,118,339,139,348
55,1,578,445,590,480
55,2,600,439,611,453
55,3,587,423,607,433
55,5,186,441,206,461
55,6,573,310,585,345
55,9,305,234,330,246
55,10,214,54,227,73
55,16,146,-191,150,-183
55,17,-23,154,3,168
55,18,114,150,140,160
55,19,321,303,332,329
55,25,74,38,91,45
55,26,314,-17,321,-14
55,27,616,23,629,36
55,28,378,176,398,193
55,31,126,344,142,364
55,38,366,67,374,83
55,41,68,188,81,211
55,43,144,-175,131,-199
55,45,113,73,119,81
55,47,538,38,552,45
55,49,454,154,474,170
55,50,393,22,410,40
55,51,450,145,465,166
55,57,459,362,470,380
55,59,540,42,556,59
55,62,483,243,493,269
55,72,237,306,251,323
55,73,5,185,13,189
55,78,484,230,498,258
55,79,336,186,360,203
55,81,382,388,391,404
55,83,487,46,509,61
55,84,505,259,518,287
55,85,19,95,26,103
55,86,479,293,499,314
55,87,2,156,31,167
55,89,145,283,160,300
55,90,330,227,350,252
55,93,69,116,74,126
55,95,312,232,330,247
55,96,121,339,140,347
55,97,25,157,40,176
56,1,578,445,589,480
56,2,600,439,611,453
56,3,587,423,607,433
56,5,183,443,203,463
56,6,572,319,582,350
56,9,299,236,324,248
56,10,217,50,229,68
56,17,-24,154,2,168
56,18,109,151,135,161
56,19,322,306,332,331
56,25,74,38,91,45
56,26,310,-18,317,-14
56,27,616,23,629,36
56,28,377,178,397,193
56,31,127,346,144,366
56,38,366,67,374,83
56,41,67,187,79,209
56,43,147,-180,132,-205
56,45,115,71,121,78
56,47,542,37,556,44
56,49,457,152,476,168
56,50,393,22,409,38
56,51,452,141,466,162
56,57,459,362,470,380
56,59,539,42,557,60
56,62,482,246,493,273
56,72,241,310,254,327
56,73,2,186,9,190
56,78,484,232,499,261
56,79,332,188,356,205
56,81,382,387,391,404
56,83,489,47,511,62
56,84,506,263,518,291
56,85,18,98,24,105
56,86,483,289,503,311
56,87,0,155,28,166
56,89,145,284,159,300
56,90,327,232,347,257
56,93,68,117,72,124
56,95,308,234,325,249
56,96,122,338,142,346
56,97,27,157,44,178
56,98,53,116,78,126
57,1,578,445,590,479
57,2,600,439,610,453
57,3,587,423,606,433
57,5,179,445,200,465
57,6,572,321,582,350
57,9,292,237,317,249
57,10,220,44,232,63
57,17,-24,155,2,168
57,18,104,152,130,162
57,19,322,309,332,334
57,25,74,38,92,45
57,26,307,-18,314,-15
57,27,616,23,629,36
57,28,375,179,394,194
57,31,129,348,145,368
57,38,366,68,374,84
57,41,66,186,78,207
57,43,149,-186,134,-211
57,45,118,68,123,74
57,47,546,36,560,43
57,49,461,150,480,165
57,50,394,23,410,39
57,51,453,137,468,158
57,57,459,362,470,380
57,59,539,42,557,60
57,62,482,249,492,275
57,72,243,313,257,330
57,73,-1,187,4,190
57,78,485,234,500,263
57,79,328,190,352,207
57,81,382,387,391,404
57,83,491,49,513,63
57,84,507,268,518,294
57,85,17,100,22,107
57,86,486,286,507,307
57,87,-2,155,26,165
57,89,143,284,158,302
57,90,324,236,344,261
57,93,67,118,69,122
57,95,303,237,320,251
57,96,122,337,144,346
57,97,27,157,45,179
57,98,50,115,77,125
58,1,578,445,590,480
58,2,600,439,611,453
58,3,587,423,606,433
58,5,176,447,197,468
58,6,573,324,582,350
58,9,286,238,312,251
58,10,222,40,235,61
58,17,-25,155,1,169
58,18,100,152,126,162
58,19,322,311,332,337
58,25,74,38,91,45
58,26,304,-19,310,-16
58,27,615,23,629,36
58,28,371,181,391,196
58,31,131,350,147,370
58,38,366,67,373,83
58,41,66,185,78,206
58,43,151,-191,136,-218
58,45,121,66,126,71
58,47,550,34,563,41
58,49,466,148,484,162
58,50,396,26,410,40
58,51,454,133,469,154
58,57,459,362,470,380
58,59,539,42,557,60
58,62,482,252,492,278
58,72,246,315,259,331
58,73,-5,188,0,190
58,78,485,236,500,265
58,79,324,192,349,209
58,81,381,387,391,404
58,83,493,49,515,64
58,84,504,263,519,298
58,85,16,103,21,109
58,86,490,283,510,304
58,87,-4,154,24,165
58,89,143,287,157,303
58,90,321,240,341,266
58,93,66,119,67,121
58,95,299,240,315,253
58,96,121,336,146,346
58,97,29,157,47,179
58,98,44,114,72,125
59,1,578,445,590,480
59,2,600,439,610,453
59,3,586,423,607,433
59,5,173,449,193,470
59,6,573,325,582,351
59,9,279,241,303,252
59,10,224,35,238,56
59,17,-26,155,1,169
59,18,93,153,120,164
59,19,322,314,332,340
59,25,74,38,92,45
59,26,301,-20,307,-17
59,27,615,23,629,36
59,28,366,184,387,198
59,31,132,351,149,372
59,38,366,67,373,83
59,41,65,182,77,204
59,43,154,-196,138,-224
59,45,123,63,128,68
59,47,554,33,567,40
59,49,473,146,491,158
59,50,395,26,409,39
59,51,456,129,470,149
59,57,459,362,470,380
59,59,539,42,557,60
59,62,481,258,491,282
59,72,249,320,263,336
59,73,-8,189,-4,191
59,78,486,238,501,267
59,79,321,194,345,212
59,81,381,387,391,404
59,83,495,51,516,65
59,84,506,273,519,304
59,85,15,106,19,111
59,86,493,279,514,301
59,87,-7,153,21,164
59,89,144,286,158,302
59,93,65,120,64,119
59,95,295,243,310,255
59,96,125,333,151,345
59,97,34,160,49,177
59,98,35,111,66,123
